APT_CODE,APT_NAME,GOOGLE_NAME,RATING,NB_REVIEW
ATL,HARTSFIELD-JACKSON INTERNATIONAL AIRPORT,Hartsfield-Jackson Atlanta International Airport,4.1,66767
LAX,LOS ANGELES INTERNATIONAL AIRPORT,Los Angeles International Airport,3.9,55413
LHR,HEATHROW AIRPORT,Heathrow Airport,4.0,62980
ORD,O'HARE INTERNATIONAL AIRPORT,Chicago O'Hare International Airport,4.0,54994
DFW,DALLAS/FT. WORTH INTERNATIONAL AIRPORT,Dallas Fort Worth International Airport,4.1,58281
DEN,DENVER INTERNATIONAL AIRPORT,Denver International Airport,4.1,49873
FRA,FRANKFURT INTERNATIONAL AIRPORT,Frankfurt Airport,3.8,75988
CDG,CHARLES DE GAULLE AIRPORT,Paris Charles de Gaulle Airport,3.6,78536
JFK,JOHN F. KENNEDY INTERNATIONAL AIRPORT,John F. Kennedy International Airport,3.9,52314
LAS,MCCARRAN INTERNATIONAL AIRPORT,Harry Reid International Airport,4.2,41510
AMS,SCHIPHOL AIRPORT,Amsterdam Airport Schiphol,3.9,87846
PHX,SKY HARBOR INTERNATIONAL AIRPORT,Phoenix Sky Harbor International Airport,4.3,30297
SFO,SAN FRANCISCO INTERNATIONAL AIRPORT,San Francisco International Airport,4.3,33607
MCO,ORLANDO INTERNATIONAL AIRPORT,Orlando International Airport,4.1,58888
MAD,ADOLFO SUAREZ-BARAJAS AIRPORT,Adolfo Suárez Madrid–Barajas Airport,4.1,39070
SEA,SEATTLE-TACOMA INTERNATIONAL AIRPORT,Seattle–Tacoma International Airport,4.0,35957
MUC,MUNICH INTERNATIONAL,Munich International Airport,4.0,43567
MIA,MIAMI INTERNATIONAL AIRPORT,Miami International Airport,3.9,60234
CLT,DOUGLAS INTERNATIONAL AIRPORT,Charlotte Douglas International Airport,3.9,43135
IAH,GEORGE BUSH INTERCONTINENTAL AIRPORT,George Bush Intercontinental Airport,4.0,36182
FCO,FIUMICINO AIRPORT,Leonardo da Vinci International Airport,4.2,54025
EWR,NEWARK LIBERTY INTERNATIONAL AIRPORT,Newark Liberty International Airport,3.6,40772
YYZ,LESTER B. PEARSON INTL AIRPORT,Toronto Pearson International Airport,3.7,42655
BOS,EDWARD L. LOGAN INTERNATIONAL AIRPORT,Boston Logan International Airport,4.1,22718
MSP,ST PAUL INTERNATIONAL AIRPORT,Minneapolis–Saint Paul International Airport,4.3,20014
BWI,BALTIMORE/WASHINGTON INTL AIRPORT,Baltimore/Washington International Airport,4.2,20695
BCN,BARCELONA AIRPORT,Josep Tarradellas Barcelona-El Prat Airport,4.1,58496
DTW,METROPOLITAN WAYNE COUNTY AIRPORT,Detroit Metropolitan Wayne County Airport,4.3,21159
MDW,MIDWAY INTERNATIONAL AIRPORT,Chicago Midway International Airport,3.8,6031
LGA,LAGUARDIA AIRPORT,LaGuardia Airport,4.1,31332
PHL,PHILADELPHIA INTERNATIONAL AIRPORT,Philadelphia International Airport,3.8,24689
LGW,GATWICK AIRPORT,London Gatwick Airport,3.8,30053
FLL,FT. LAUDERDALE INTERNATIONAL AIRPORT,Fort Lauderdale-Hollywood International Airport,4.1,31794
SVO,SHEREMETYEVO AIRPORT,Moscow Sheremetyevo Alexander S. Pushkin International Airport,4.3,39301
DCA,RONALD REAGAN NATIONAL AIRPORT,Ronald Reagan Washington National Airport,4.2,19291
ORY,ORLY FIELD,Paris Orly Airport,3.6,36690
DME,DOMODEDOVO AIRPORT,Moscow Domodedovo Mikhail Lomonosov Airport,4.2,43919
ZRH,ZURICH AIRPORT,Zurich Airport,4.3,31151
TPA,TAMPA INTERNATIONAL AIRPORT,Tampa International Airport,4.6,26593
SAN,SAN DIEGO INTERNATIONAL AIRPORT,San Diego International Airport,4.2,18128
CPH,KASTRUP AIRPORT,Copenhagen Airport,4.1,21419
OSL,OSLO AIRPORT,Oslo lufthavn,4.2,19882
DAL,LOVE FIELD AIRPORT,Dallas Love Field,4.4,14582
BRU,BRUSSELS AIRPORT,Brussels Airport,4.0,32263
SLC,SALT LAKE CITY INTERNATIONAL AIRPORT,Salt Lake City International Airport,4.2,21486
VIE,VIENNA INTERNATIONAL AIRPORT,Vienna International Airport,4.2,45788
IAD,DULLES INTERNATIONAL AIRPORT,Dulles International Airport,4.1,22873
DUB,DUBLIN INTERNATIONAL AIRPORT,Dublin Airport,4.0,34926
ARN,ARLANDA AIRPORT,Stockholm Arlanda Airport,3.8,20616
HOU,WILLIAM P. HOBBY AIRPORT,William P. Hobby Airport,4.4,11729
DUS,DUESSELDORF INTERNATIONAL,Duesseldorf Airport,3.6,40206
TXL,TEGEL AIRPORT,Berlin TXL - Urban Tech Republic,4.1,18
YVR,VANCOUVER INTERNATIONAL AIRPORT,Vancouver International Airport,4.3,19704
PDX,PORTLAND INTERNATIONAL AIRPORT,Portland International Airport,4.4,15880
STL,LAMBERT-ST LOUIS INTERNATIONAL AIRPORT,St. Louis Lambert International Airport,4.1,10510
HNL,HONOLULU INTERNATIONAL AIRPORT,Daniel K. Inouye International Airport,3.9,12419
OAK,OAKLAND INTERNATIONAL AIRPORT,Oakland International Airport,4.2,7121
STN,STANSTED AIRPORT,London Stansted Airport,3.3,37469
LIS,LISBOA AIRPORT,Humberto Delgado Airport,3.7,56309
PMI,PALMA MALLORCA AIRPORT,Palma de Mallorca Airport,4.2,38692
BNA,NASHVILLE INTERNATIONAL AIRPORT,Nashville International Airport,4.3,16303
MXP,MALPENSA AIRPORT,Milano Malpensa Airport,3.8,36503
MAN,MANCHESTER AIRPORT,Manchester Airport,3.1,31522
ATH,ELEFTHERIOS VENIZELOS AIRPORT,"Athens International Airport ""Eleftherios Venizelos""",4.3,49870
AUS,AUSTIN-BERGSTROM INTERNATIONAL AIRPORT,Austin-Bergstrom International Airport,4.1,15526
MSY,LOUIS ARMSTRONG INTERNATIONAL AIRPORT,Louis Armstrong New Orleans International Airport,4.2,14182
MCI,KANSAS CITY INTERNATIONAL AIRPORT,Kansas City International Airport,3.9,11515
GVA,GENEVA INTERNATIONAL AIRPORT,Geneva Airport,3.9,19320
HEL,HELSINKI-VANTAA AIRPORT,Helsinki Airport,4.4,18001
YUL,PIERRE ELLIOTT TRUDEAU INTERNATIONAL AIRPORT,Montréal-Pierre Elliott Trudeau International Airport,3.8,18460
HAM,HAMBURG AIRPORT,Hamburg Airport,3.7,21924
YYC,CALGARY INTERNATIONAL AIRPORT,Calgary International Airport,4.0,11987
VKO,VNUKOVO AIRPORT,Vnukovo International Airport,4.2,12235
SJC,NORMAN Y. MINETA INTERNATIONAL,San Jose Mineta International Airport,4.4,8149
SMF,SACRAMENTO INTERNATIONAL AIRPORT,Sacramento International Airport,4.4,10258
RDU,RALEIGH/DURHAM INTERNATIONAL AIRPORT,Raleigh-Durham International Airport,4.4,11044
SNA,JOHN WAYNE AIRPORT,John Wayne Airport,4.6,8647
SAT,SAN ANTONIO INTERNATIONAL AIRPORT,San Antonio International Airport,4.2,4086
LED,PULKOVO AIRPORT,Pulkovo Airport,4.4,31181
AGP,MALAGA AIRPORT,Málaga-Costa del Sol Airport,4.0,27375
NCE,COTE D'AZUR AIRPORT,Nice Côte d'Azur Airport,3.9,13601
PIT,PITTSBURGH INTERNATIONAL AIRPORT,Pittsburgh International Airport,4.4,8218
IND,INDIANAPOLIS INTERNATIONAL AIRPORT,Indianapolis International Airport,4.5,10884
PRG,RUZYNE INTERNATIONAL AIRPORT,Václav Havel Airport Prague,4.2,31220
CLE,HOPKINS INTERNATIONAL AIRPORT,Cleveland Hopkins International Airport,4.0,8341
LTN,LUTON AIRPORT,London Luton Airport,3.4,21966
CMH,JOHN GLENN INTERNATIONAL AIRPORT,John Glenn Columbus International Airport,4.3,6738
RSW,SOUTHWEST FLORIDA INTL AIRPORT,Southwest Florida International Airport,4.5,9593
STR,STUTTGART AIRPORT,Stuttgart Airport,3.9,15640
EDI,EDINBURGH AIRPORT,Edinburgh Airport,3.5,17408
WAW,FREDERIC CHOPIN AIRPORT,Lotnisko Chopina Warszawa,4.2,42969
LIN,LINATE AIRPORT,Milan Linate Airport,4.2,17254
CGN,COLOGNE/BONN AIRPORT,Cologne Bonn Airport,3.5,19409
MKE,GENERAL MITCHELL INTERNATIONAL AIRPORT,Milwaukee Mitchell International Airport,4.4,5060
SJU,LUIS MUNOZ MARIN INTERNATIONAL AIRPORT,Luis Munoz Marin International Airport,4.3,20303
BUD,LISZT FERENC INTERNATIONAL AIRPORT,Budapest Ferenc Liszt International Airport,4.1,31854
OTP,OTOPENI INTERNATIONAL AIRPORT,Bucharest Henri Coandă International Airport,3.7,37260
BGY,BERGAMO/ORIO AL SERIO AIRPORT,Il Caravaggio International Airport,3.7,30621
LYS,ST-EXUPERY AIRPORT,Lyon-Saint Exupéry Airport,3.5,14320
ALC,ALICANTE AIRPORT,Alicante-Elche Miguel Hernández Airport,4.3,23161
BHX,BIRMINGHAM AIRPORT,Birmingham Airport,3.4,15003
YEG,EDMONTON INTERNATIONAL AIRPORT,Edmonton International Airport,4.1,5931
MRS,MARSEILLE AIRPORT,Marseille Provence Airport,3.3,13558
VCE,MARCO POLO AIRPORT,Venice Marco Polo Airport,3.8,19284
ABQ,INTERNATIONAL SUNPORT AIRPORT,Albuquerque International Sunport,4.4,4582
TLS,BLAGNAC AIRPORT,Toulouse-Blagnac Airport,3.9,9718
LPA,GRAN CANARIA AIRPORT,Gran Canaria Airport,4.2,20612
BDL,BRADLEY INTERNATIONAL AIRPORT,Bradley International Airport,4.4,6297
GLA,GLASGOW INTERNATIONAL AIRPORT,Glasgow Airport,4.0,6316
JAX,JACKSONVILLE INTERNATIONAL AIRPORT,Jacksonville International Airport,4.5,7631
SXF,SCHOENEFELD AIRPORT,Berlin Schönefeld Airport,2.6,9114
OPO,PORTO AIRPORT,Francisco Sá Carneiro Airport,4.4,30603
PBI,PALM BEACH INTERNATIONAL AIRPORT,Palm Beach International Airport,4.5,5515
BUR,BOB HOPE AIRPORT,Hollywood Burbank Airport,4.4,5079
BGO,FLESLAND AIRPORT,Bergen Airport,4.3,5071
OGG,KAHULUI AIRPORT,Kahului Airport,4.0,4449
ANC,TED STEVENS INTERNATIONAL AIRPORT,Ted Stevens Anchorage International Airport,4.5,4185
BUF,BUFFALO NIAGARA INTERNATIONAL AIRPORT,Buffalo Niagara International Airport,4.4,4208
CVG,NORTHERN KENTUCKY INTERNATIONAL AIRPORT,Cincinnati/Northern Kentucky International Airport,4.3,7400
ONT,ONTARIO INTERNATIONAL AIRPORT,Ontario International Airport,4.5,8616
BLQ,GUGLIELMO MARCONI AIRPORT,Bologna Guglielmo Marconi Airport,3.3,24271
CTA,FONTANAROSSA AIRPORT,Vincenzo Bellini Catania Airport,3.4,25164
BSL,EUROAIRPORT SWISS,EuroAirport Basel-Mulhouse-Freiburg,3.8,12836
OKC,WILL ROGERS AIRPORT,Will Rogers International Airport,4.4,4535
OMA,EPPLEY AIRFIELD,Omaha Airport Authority,4.5,1960
CRL,BRUSSELS S. CHARLEROI AIRPORT,Brussels South Charleroi Airport,3.1,23632
TFS,TENERIFE-SUR,Tenerife South Airport,4.0,18538
RNO,RENO/TAHOE INTERNATIONAL AIRPORT,Reno-Tahoe International Airport,4.3,3707
GOT,LANDVETTER AIRPORT,Gothenburg-Landvetter Airport,4.2,7105
KBP,BORYSPIL INTERNATIONAL  AIRPORT,Boryspil International Airport,4.2,18058
SVG,SOLA AIRPORT,Stavanger Airport,4.3,1937
NAP,CAPODICHINO AIRPORT,Naples International Airport,3.7,21106
YOW,MACDONALD-CARTIER INTL AIRPORT,Ottawa International Airport,4.2,4440
TRD,VAERNES AIRPORT,"Trondheim Airport, Værnes",4.3,2523
PVD,T.F. GREEN STATE AIRPORT,Rhode Island T.F. Green International Airport,4.5,3461
RIX,RIGA INTERNATIONAL AIRPORT,Riga Airport,4.3,13977
BRS,BRISTOL AIRPORT,Bristol Airport,3.4,11462
IBZ,IBIZA AIRPORT,Ibiza Airport,4.1,8726
BOD,BORDEAUX AIRPORT,Bordeaux Airport,3.0,16982
HAJ,HANNOVER AIRPORT,Hannover Airport,3.6,8898
LCY,CITY AIRPORT,London City Airport,4.2,5737
ELP,EL PASO INTERNATIONAL AIRPORT,El Paso International Airport,4.5,4660
SKG,MAKEDONIA AIRPORT,Thessaloniki Airport Makedonia,4.3,16415
FAO,FARO AIRPORT,Faro International Airport,3.8,12763
MEM,MEMPHIS INTERNATIONAL AIRPORT,Memphis International Airport,4.1,5998
TIJ,A.L. RODRIGUEZ INTL AIRPORT,Tijuana International Airport,4.4,23466
BEG,NIKOLA TESLA AIRPORT,Belgrade Nikola Tesla Airport,3.8,18418
YWG,J.A. RICHARDSON INTL AIRPORT,Winnipeg Richardson International Airport,4.3,2722
SIP,SIMFEROPOL INTERNATIONAL AIRPORT,Simferopol International Airport,3.9,1059
CIA,CIAMPINO AIRPORT,Giovan Battista Pastine International Airport,3.6,10653
VLC,VALENCIA AIRPORT,Valencia Airport,4.0,17272
SDF,INTERNATIONAL-STANDIFORD FIELD AIRPORT,Louisville International Airport,4.3,4917
ACE,LANZAROTE AIRPORT,Lanzarote Airport,4.1,12324
TUL,TULSA INTERNATIONAL AIRPORT,Tulsa International Airport,4.4,3645
PMO,PUNTA RAISI AIRPORT,Palermo Airport,3.6,16365
TUS,TUCSON INTERNATIONAL AIRPORT,Tucson International Airport,4.5,4075
RIC,RICHMOND INTERNATIONAL AIRPORT,Richmond International Airport,4.3,4998
BOI,BOISE AIR TERMINAL (GOWEN FIELD),Boise Airport,4.5,4066
YHZ,STANFIELD INTERNATIONAL AIRPORT,Halifax Stanfield International Airport,4.4,3563
GEG,SPOKANE INTERNATIONAL AIRPORT,Spokane International Airport,4.3,3289
PSA,GALILEO GALILEI AIRPORT,Pisa International Airport,3.3,12026
MLA,LUQA AIRPORT,Malta International Airport,4.3,18038
BHM,SHUTTLESWORTH INTERNATIONAL AIRPORT,Birmingham-Shuttlesworth International Airport,4.2,3322
LCA,LARNACA AIRPORT,Larnaka International Airport,4.1,12232
KEF,KEFLAVIK INTERNATIONAL AIRPORT,Keflavík International Airport,3.9,10089
BIO,BILBAO AIRPORT,Bilbao Airport,4.1,9190
CHS,CHARLESTON INTERNATIONAL/AFB,Charleston International Airport,4.4,4596
ORF,NORFOLK INTERNATIONAL AIRPORT,Norfolk International Airport,4.3,5549
AER,SOCHI INTERNATIONAL,Sochi International Airport,4.3,25383
NTE,NANTES ATLANTIQUE AIRPORT,Nantes Atlantique Airport,3.2,9455
SOF,SOFIA AIRPORT,Sofia International Airport,3.6,16250
LPL,JOHN LENNON AIRPORT,Liverpool John Lennon Airport,4.0,6711
YTZ,BILLY BISHOP CITY AIRPORT,Billy Bishop Toronto City Airport,4.4,2481
SVQ,SEVILLA AIRPORT,Seville Airport,3.8,15056
BVA,BEAUVAIS-TILLE AIRPORT,Paris Beauvais Airport,2.6,20829
ALB,ALBANY INTERNATIONAL AIRPORT,Albany International Airport,4.2,2887
BFS,BELFAST INTERNATIONAL AIRPORT,Belfast International Airport,3.4,5264
TFN,TENERIFE-NORTE,Tenerife North Airport,4.2,11923
HER,NIKOS KAZANTZAKIS AIRPORT,Heraklion International Airport N. Kazantzakis,2.6,26357
KRK,J. PAUL II BALICE INTERNATIONAL AIRPORT,Międzynarodowy Port Lotniczy im. Jana Pawła II Kraków-Balice,4.0,14170
EIN,EINDHOVEN AIRPORT,Eindhoven Airport,3.8,15906
BRI,PALESE AIRPORT,Bari International Airport-Karol Wojtyla,4.1,13320
TRN,CASELLE AIRPORT,Torino Airport,4.0,9761
FUE,FUERTEVENTURA AIRPORT,Fuerteventura Airport,4.3,13809
NCL,NEWCASTLE INTERNATIONAL AIRPORT,Newcastle International Airport,4.0,4663
GDN,LECH WALESA AIRPORT,Gdansk Lech Walesa Airport,4.4,13914
MHT,MANCHESTER-BOSTON REGIONAL AIRPORT,Manchester-Boston Regional Airport,4.6,1908
CAG,ELMAS AIRPORT,Cagliari Elmas Airport,4.0,9203
ABZ,DYCE AIRPORT,Aberdeen International Airport,3.6,1794
ROC,GREATER ROCHESTER INTERNATIONAL AIRPORT,Rochester Airport,4.7,82
GRR,GERALD R. FORD INTL AIRPORT,Gerald R. Ford International Airport,4.5,4664
EMA,EAST MIDLANDS AIRPORT,East Midlands Airport,3.4,2968
NUE,NUREMBERG AIRPORT,Nuremberg Airport,4.2,8193
GYD,HEYDAR ALIYEV INTERNATIONAL AIRPORT,Heydar Aliyev International Airport,4.3,5283
LBA,LEEDS/BRADFORD AIRPORT,Leeds Bradford Airport,3.2,5971
KRR,PASHKOVSKY AIRPORT,Krasnodar International Airport,3.9,8501
VNO,VILNIUS INTERNATIONAL AIRPORT,Vilnius International Airport,4.2,10122
TOS,TROMSO/LANGNES AIRPORT,Tromsø Airport,3.6,2909
ECN,ERCAN AIRPORT,Ercan International Airport,3.9,4470
KOA,KEAHOLE AIRPORT,Kona International Airport,4.0,4022
CAK,REGIONAL AIRPORT,Akron-Canton Airport,4.6,1554
ZAG,PLESO AIRPORT,Franjo Tuđman International Airport Zagreb,4.1,10622
BHD,GEORGE BEST CITY AIRPORT,Belfast City Airport,4.1,2806
LUX,LUXEMBOURG AIRPORT,Luxembourg Airport,4.2,7923
LIT,B. AND H. CLINTON NATIONAL AIRPORT,Bill and Hillary Clinton National Airport,3.9,2564
DSM,DES MOINES INTERNATIONAL AIRPORT,Des Moines International Airport,4.3,2795
BMA,BROMMA AIRPORT,Bromma Stockholm Airport,4.0,1024
DAY,JAMES M. COX INTERNATIONAL AIRPORT,Dayton International Airport,4.4,2149
LIH,LIHUE AIRPORT,Lihue Airport,4.1,2195
BRE,BREMEN AIRPORT,Bremen Airport,4.0,3875
BOO,BODO AIRPORT,Bodø Airport,4.0,1095
ICT,DWIGHT D. EISENHOWER AIRPORT,Wichita Dwight D. Eisenhower National Airport,4.5,2493
MSQ,MINSK INTERNATIONAL,National Airport Minsk,4.1,4982
GSP,GREENVILLE-SPARTANBURG INTERNATIONAL AIRPORT,Greenville-Spartanburg International Airport,4.5,3610
RHO,DIAGORAS AIRPORT,Διεθνής Αερολιμένας Ρόδου Διαγόρας,3.8,13880
ISP,LONG ISLAND MACARTHUR AIRPORT,Long Island MacArthur Airport,4.3,925
FLR,PERETOLA AIRPORT,Amerigo Vespucci Airport,3.1,6041
PWM,PORTLAND INTERNATIONAL JETPORT,Portland International Jetport,4.4,2471
LGB,DAUGHERTY FIELD AIRPORT,Long Beach Airport,4.6,4086
MAF,MIDLAND INTERNATIONAL AIRPORT,Midland International Air & Space Port,4.1,1420
WMI,MODLIN AIRPORT,Warsaw Modlin Airport,3.0,12056
HHN,HAHN AIRPORT,Hahn Airport,2.8,7855
FNC,MADEIRA AIRPORT,Madeira Airport,4.4,13184
YYT,ST JOHN'S INTERNATIONAL AIRPORT,St. John's International Airport,4.2,1250
TLL,LENNART MERI AIRPORT,Tallinn Airport,4.6,7892
BLL,BILLUND AIRPORT,Billund Airport,4.3,6398
MAH,MAHON AIRPORT,Menorca Airport,4.3,6921
SCQ,SANTIAGO DE COMPOSTELA AIRPORT,Santiago-Rosalía de Castro Airport,4.2,8195
SYR,HANCOCK INTERNATIONAL AIRPORT,Syracuse Hancock International Airport,4.2,2776
KIV,CHISINAU AIRPORT,Chișinău International Airport,4.2,9442
TSF,TREVISO/SANT' ANGELO AIRPORT,Treviso Airport,3.2,8370
LEJ,LEIPZIG/HALLE AIRPORT,Leipzig/Halle Airport,4.0,5067
OLB,COSTA SMERALDA AIRPORT,Olbia Costa Smeralda Airport,4.2,6735
PSP,PALM SPRINGS INTERNATIONAL AIRPORT,Palm Springs International Airport,4.4,3149
EVN,ZVARTNOTS INTERNATIONAL AIRPORT,Zvartnots International Airport,4.1,3261
MYR,MYRTLE BEACH INTERNATIONAL AIRPORT,Myrtle Beach International Airport,4.5,5182
SUF,LAMEZIA TERME AIRPORT,Lamezia Terme International Airport,3.6,5371
SAV,HILTON HEAD INTERNATIONAL AIRPORT,Savannah/Hilton Head International Airport,4.5,3887
GSO,PIEDMONT TRIAD INTERNATIONAL AIRPORT,Piedmont Triad International Airport,4.4,1697
YYJ,VICTORIA INTERNATIONAL AIRPORT,Victoria International Airport,4.2,1658
BDS,CASALE AIRPORT,Brindisi Airport,4.1,7439
SFB,SANFORD INTERNATIONAL AIRPORT,Orlando Sanford International Airport,4.2,4391
SOU,SOUTHAMPTON AIRPORT,Southampton Airport,3.8,1197
VRN,VILLAFRANCA AIRPORT,Valerio Catullo Airport,3.4,6655
TBS,TBILISI INTERNATIONAL AIRPORT,Tbilisi International Airport,3.8,9874
MMX,STURUP AIRPORT,Malmö Airport,3.9,2160
TIA,RINAS AIRPORT,Tirana International Airport,3.6,5440
PNS,PENSACOLA INTERNATIONAL AIRPORT,Pensacola International Airport,4.3,3349
ROV,ROSTOV AIRPORT,Platov International Airport,4.4,4577
WRO,STRACHOWICE AIRPORT,Port Lotniczy Wrocław S.A.,4.3,11987
KUF,KURUMOCH INTERNATIONAL PSC AIRPORT,International Airport Kurumoch,4.5,5833
ORK,CORK INTERNATIONAL AIRPORT,Cork Airport,4.4,2813
MRV,MINERALNYE VODY AIRPORT,Международный Аэропорт Минеральные Воды имени М.Ю.Лермонтова,3.7,6140
JER,JERSEY AIRPORT,Jersey Airport,4.2,1106
YQB,JEAN LESAGE INTERNATIONAL AIRPORT,Québec City Jean Lesage International Airport,4.2,1640
KTW,PYRZOWICE AIRPORT,Międzynarodowy Port Lotniczy Katowice,3.5,16941
VVO,KNEVICHI AIRPORT,Vladivostok International Airport,4.3,3734
KHV,NOVY AIRPORT,Khabarovskiy Aeroport,4.4,4154
MSN,DANE COUNTY REGIONAL AIRPORT,Dane County Regional Airport,4.5,2323
TYS,MCGHEE TYSON AIRPORT,McGhee Tyson Airport,4.4,3875
YLW,KELOWNA INTERNATIONAL AIRPORT,Kelowna International Airport,4.1,1614
DTM,DORTMUND AIRPORT,Dortmund Airport,3.4,10898
DRS,DRESDEN AIRPORT,Dresden Airport,4.0,2615
LBB,PRESTON SMITH INTERNATIONAL AIRPORT,Lubbock Preston Smith International Airport,4.1,1096
UFA,UFA AIRPORT,Ufa International Airport,4.4,8274
SPU,SPLIT AIRPORT,Split Airport,3.8,9743
YXE,J.G. DIEFENBAKER INTL AIRPORT,Saskatoon International Airport,4.1,1254
SZG,W. A. MOZART AIRPORT,Salzburg Airport,4.1,2705
TRF,SANDEFJORD AIRPORT,TORP Sandefjord Airport,4.2,3930
NRN,WEEZE AIRPORT,Weeze Airport,3.6,4294
KJA,YEMELYANOVO AIRPORT,Krasnoyarsk International Airport,4.5,5930
NYO,SKAVSTA AIRPORT,Stockholm Skavsta Airport,3.7,2819
CHQ,IOANNIS DASKALOGIANNIS AIRPORT,Chania International Airport Ioannis Daskalogiannis,4.0,8347
IKT,IRKUTSK AIRPORT,International Airport Irkutsk,3.6,3334
JNU,JUNEAU INTERNATIONAL AIRPORT,Juneau International Airport,4.3,627
ECP,NW FLORIDA BEACHES INTERNATIONAL AIRPORT,Northwest Florida Beaches International Airport,4.3,1866
RTM,ROTTERDAM AIRPORT,Rotterdam The Hague Airport,4.2,3532
KZN,KAZAN INTERNATIONAL AIRPORT,Kazan Airport,4.2,7719
AHO,FERTILIA AIRPORT,Alghero Airport,4.0,4290
MPL,MEDITERRANEE AIRPORT,Montpellier-Méditerranée Airport,4.1,2647
TJM,ROSHCHINO AIRPORT,Roshchino International Airport,4.3,3002
FAT,FRESNO YOSEMITE INTERNATIONAL,Fresno Yosemite International Airport,4.3,3192
AAL,AALBORG AIRPORT,Aalborg Airport,4.5,1886
FAI,FAIRBANKS INTERNATIONAL AIRPORT,Fairbanks International Airport,4.5,1308
HPN,WESTCHESTER COUNTY AIRPORT,Westchester County Airport,4.0,2240
LJU,JOZE PUCNIK AIRPORT,Ljubljana Airport,4.1,3513
SNN,SHANNON INTERNATIONAL AIRPORT,Shannon Airport,4.6,3233
LIL,LESQUIN AIRPORT,Lille Airport,3.8,3063
GRO,COSTA BRAVA AIRPORT,Girona–Costa Brava Airport,4.3,3782
KGD,KHRABROVO AIRPORT,Airport Khrabrovo,4.5,8436
YQR,REGINA INTERNATIONAL AIRPORT,Regina International Airport,4.1,1261
CFU,IOANNIS KAPODISTRIAS AIRPORT,"Corfu International Airport ""Ioannis Kapodistrias""",3.5,10456
TPS,BIRGI AIRPORT,Trapani–Birgi Airport,3.8,3790
GOA,CRISTOFORO COLOMBO AIRPORT,Goa Dabolim International Airport,4.1,41947
AJA,NAPOLEON BONAPARTE AIRPORT,Ajaccio Napoleon Bonaparte Airport,3.8,2329
DBV,DUBROVNIK AIRPORT,Dubrovnik Airport,3.9,5189
XNA,NORTHWEST ARKANSAS REGIONAL AIRPORT,Northwest Arkansas National Airport,4.3,2015
BTV,BURLINGTON INTERNATIONAL AIRPORT,Burlington International Airport,4.0,1345
PIE,ST. PETE-CLEARWATER INTERNATIONAL AIRPORT,St. Pete–Clearwater International Airport,4.4,4959
SXB,ENTZHEIM AIRPORT,Strasbourg Airport,3.5,2272
CLJ,NAPOCA AIRPORT,"Cluj ""Avram Iancu"" International Airport",3.7,9280
PDL,NORDELA AIRPORT,Aeroporto João Paulo II,4.1,4501
MDT,HARRISBURG INTERNATIONAL AIRPORT,Harrisburg International Airport,4.4,2213
LEX,BLUE GRASS AIRPORT,Blue Grass Airport,4.6,1822
SKP,SKOPJE AIRPORT,Skopje International Airport,4.0,4737
AES,VIGRA AIRPORT,"Ålesund Airport, Vigra",4.2,1057
UME,UMEA AIRPORT,Umeå Airport,4.0,735
KRS,KJEVIK AIRPORT,Kristiansand Airport,3.9,563
FNT,BISHOP INTERNATIONAL AIRPORT,Bishop International Airport,4.6,1476
YMM,FORT MCMURRAY AIRPORT,Fort McMurray International Airport,4.1,334
SRQ,BRADENTON INTERNATIONAL AIRPORT,Sarasota Bradenton International Airport,4.5,3872
ITO,HILO INTERNATIONAL AIRPORT,Hilo International Airport,4.4,1099
LLA,KALLAX AIRPORT,London Luton Airport,3.4,21966
BIA,PORETTA AIRPORT,Colombo Bandaranaike International Airport,4.0,17806
AMA,RICK HUSBAND INTERNATIONAL AIRPORT,Rick Husband Amarillo International Airport,4.3,877
CID,THE EASTERN IOWA AIRPORT,Eastern Iowa Airport,4.2,934
CEK,BALANDINO AIRPORT,Chelyabinsk Airport,4.0,3671
GCI,GUERNSEY AIRPORT,Guernsey Airport,4.0,472
COS,MUNICIPAL AIRPORT,Colorado Springs Airport,4.6,3651
HSV,HUNTSVILLE INTL - CARL T. JONES FIELD AIRPORT,Huntsville International Airport,4.4,2091
CRP,CORPUS CHRISTI INTERNATIONAL AIRPORT,Corpus Christi International Airport,4.4,1155
YKS,YAKUTSK AIRPORT,Mezhdunarodnyy Airport Yakutsk,4.2,2072
BTS,IVANKA AIRPORT,M. R. Štefánik Airport Bratislava,4.0,5098
POZ,LAWICA AIRPORT,Poznań Airport,3.7,9083
GRZ,GRAZ AIRPORT,Graz Airport,4.4,1662
BZN,YELLOWSTONE INTERNATIONAL AIRPORT,Bozeman Yellowstone International Airport,4.6,2469
CAE,COLUMBIA METROPOLITAN AIRPORT,Columbia Metropolitan Airport,4.4,2086
AZA,MESA GATEWAY AIRPORT,Mesa Gateway Airport,4.4,3103
HRL,VALLEY INTERNATIONAL AIRPORT,Valley International Airport,4.5,1447
JAN,MEDGAR W. EVERS INTERNATIONAL AIRPORT,Jackson-Medgar Wiley Evers International Airport,3.8,1373
YZF,YELLOWKNIFE AIRPORT,Yellowknife Airport,4.0,482
LCG,A CORUNA AIRPORT,A Coruña Airport,4.2,2801
FSD,JOE FOSS FIELD AIRPORT,Sioux Falls Regional Airport,4.3,1799
SPC,LA PALMA AIRPORT,La Palma Airport,4.3,2572
BET,BETHEL AIRPORT,Bethel Airport,3.7,74
BIQ,BIARRITZ PARME AIRPORT,Biarritz Airport,3.6,1297
KTN,KETCHIKAN INTERNATIONAL AIRPORT,Ketchikan International Airport (KTN),4.5,273
BIL,LOGAN INTERNATIONAL AIRPORT,Billings-Logan International Airport,4.3,1125
BES,BRETAGNE AIRPORT,Brest Bretagne Airport,4.0,1711
IOM,RONALDSWAY AIRPORT,Ronaldsway Airport,4.0,608
SGF,SPRINGFIELD-BRANSON NATIONAL AIRPORT,Springfield-Branson National Airport,4.4,2085
FAR,HECTOR INTERNATIONAL AIRPORT,Faro International Airport,3.8,12763
FKB,BADEN AIRPARK,Karlsruhe / Baden-Baden Airport,3.7,5287
YQT,THUNDER BAY INTERNATIONAL AIRPORT,Thunder Bay International Airport,4.1,577
GOJ,STRIGINO AIRPORT,Mezhdunarodnyy Aeroport Nizhny Novgorod Imeni V. P. Chkalova,4.4,3011
IEV,ZHULIANY INTERNATIONAL AIRPORT,Sikorsky International Airport Kyiv,4.4,8297
BLI,BELLINGHAM INTERNATIONAL AIRPORT,Bellingham International Airport,4.5,787
MJV,SAN JAVIER AIRPORT,Aeropuerto de Murcia-San Javier,4.0,298
SEN,SOUTHEND AIRPORT,London Southend Airport,3.7,1271
ILM,WILMINGTON INTERNATIONAL AIRPORT,Wilmington International Airport,4.4,1567
EYW,KEY WEST INTERNATIONAL AIRPORT,Key West International Airport,3.8,2104
CJS,ABRAHAM GONZALEZ INTERNATIONAL AIRPORT,Ciudad Juárez International Airport,4.1,6687
MFE,MILLER INTERNATIONAL AIRPORT,McAllen International Airport,4.4,1373
FMO,MUENSTER AIRPORT,Münster Osnabrück International Airport,4.3,2393
SBA,SANTA BARBARA MUNICIPAL AIRPORT,Santa Barbara Airport,4.6,1166
MLI,QUAD CITY INTERNATIONAL AIRPORT,Quad Cities International Airport,4.4,815
BTR,METROPOLITAN - RYAN AIRPORT,Baton Rouge Metropolitan Airport,4.3,939
AVL,ASHEVILLE REGIONAL AIRPORT,Asheville Regional Airport,3.9,2922
EUG,MAHLON SWEET FIELD AIRPORT,Eugene Airport,4.4,2154
YQM,GREATER MONCTON INTERNATIONAL AIRPORT,Greater Moncton Roméo LeBlanc International Airport,4.0,533
VPS,DESTIN-FT. WALTON BEACH AIRPORT,Destin-Fort Walton Beach Airport,4.0,2651
ALF,ALTA AIRPORT,Alta Airport,4.1,502
YKA,KAMLOOPS AIRPORT,Kamloops Airport (YKA),4.1,370
FWA,FORT WAYNE INTERNATIONAL AIRPORT,Fort Wayne International Airport,4.2,1533
MFR,ROGUE VALLEY INTERNATIONAL AIRPORT,Rogue Valley International Medford Airport,4.1,964
TLH,TALLAHASSEE INTERNATIONAL AIRPORT,Tallahassee International Airport,4.1,796
PGD,PUNTA GORDA AIRPORT,Punta Gorda Airport,4.3,3228
TGD,GOLUBOVCI AIRPORT,Podgorica Airport - Terminal,3.0,3372
CWL,CARDIFF AIRPORT,Cardiff Airport,4.0,1614
MLH,EUROAIRPORT FRENCH,EuroAirport Basel-Mulhouse-Freiburg,3.8,12836
CHA,CHATTANOOGA METROPOLITAN AIRPORT,Chattanooga Metropolitan Airport,4.4,2087
TIV,TIVAT AIRPORT,Tivat Airport,2.4,4225
INV,INVERNESS AIRPORT,Inverness Airport,4.1,1044
TTN,MERCER COUNTY AIRPORT,Trenton-Mercer Airport,3.9,1396
MSO,MISSOULA INTERNATIONAL AIRPORT,Missoula Montana Airport,4.3,1055
PIA,GENERAL DOWNING INTERNATIONAL AIRPORT,General Wayne A. Downing Peoria International Airport,4.4,879
ASE,PITKIN COUNTY AIRPORT,Aspen/Pitkin County Airport,4.0,453
ROA,ROANOKE REGIONAL AIRPORT (WOODRUM FIELD),Roanoke-Blacksburg Airport,4.2,1169
SBN,SOUTH BEND INTERNATIONAL AIRPORT,South Bend International Airport,4.3,1553
YXX,ABBOTSFORD INTERNATIONAL AIRPORT,Abbotsford International Airport,4.0,1656
SHV,SHREVEPORT REGIONAL AIRPORT,Shreveport Regional Airport,3.8,1136
GRB,AUSTIN-STRAUBEL INTERNATIONAL AIRPORT,Green Bay Austin Straubel International Airport,4.5,918
PSC,TRI-CITIES AIRPORT,Tri-Cities Airport,4.4,1086
MOL,ARO AIRPORT,Molde Airport,3.9,355
PUF,PYRENEES AIRPORT,Pau-Pyrenees Airport,4.1,558
MOB,MOBILE REGIONAL AIRPORT,Mobile Regional Airport,4.2,859
YXU,LONDON INTERNATIONAL AIRPORT,London International Airport,4.4,848
KKN,HOEYBUKTMOEN AIRPORT,Kirkenes Airport,4.0,376
LFT,LAFAYETTE REGIONAL AIRPORT,Lafayette Regional Airport,4.4,695
EXT,EXETER AIRPORT,Exeter Airport,4.0,831
YRT,RANKIN INLET AIRPORT,"Rankin Inlet Airport (CYRT, YRT)",3.6,84
RAP,RAPID CITY REGIONAL AIRPORT,Rapid City Regional Airport,4.3,1238
ABE,LEHIGH VALLEY INTERNATIONAL AIRPORT,Lehigh Valley International Airport,4.4,1758
REX,LUCIO BLANCO INTL AIRPORT,Aeropuerto Internacional de Reynosa,4.2,1748
YQQ,COMOX AIRPORT,Comox Valley Airport (YQQ),4.3,404
FSC,SUD CORSE AIRPORT,Figari-South Corsica Airport,3.2,1425
BIS,BISMARCK MUNICIPAL AIRPORT,Bismarck Airport,4.2,680
ATW,APPLETON INTERNATIONAL AIRPORT,Appleton International Airport,4.5,1363
DAB,DAYTONA BEACH INTERNATIONAL AIRPORT,Daytona Beach International Airport,4.7,1421
CHO,ALBEMARLE AIRPORT,Charlottesville–Albemarle Airport,4.1,760
CRW,YEAGER AIRPORT,West Virginia International Yeager Airport,4.5,851
RDM,ROBERTS FIELD AIRPORT,Redmond Municipal Airport,4.4,1021
GPT,GULFPORT/BILOXI INTERNATIONAL AIRPORT,Gulfport-Biloxi International Airport,4.4,1725
YFB,IQALUIT AIRPORT,Iqaluit International Airport (CYFB),4.3,257
DRO,LA PLATA COUNTY AIRPORT,Durango-La Plata County Airport,4.2,607
BOH,BOURNEMOUTH INTERNATIONAL AIRPORT,Bournemouth Airport,3.5,1691
YQU,GRANDE PRAIRIE AIRPORT,Grande Prairie Airport (CYQU),4.1,285
YYR,GOOSE BAY AIRPORT,Goose Bay Airport,4.2,121
GJT,GRAND JUNCTION REGIONAL AIRPORT,Grand Junction Regional Airport,4.3,867
VDS,VADSO AIRPORT,Vadsø Airport,3.8,79
YXS,PRINCE GEORGE AIRPORT,Prince George Airport,3.8,456
AGS,AUGUSTA REGIONAL (BUSH FIELD) AIRPORT,Southampton Airport,3.8,1197
HFT,HAMMERFEST AIRPORT,Hammerfest Airport,3.6,166
YZV,SEPT-ILES AIRPORT,Aéroport de Sept-Îles,3.8,98
PIK,PRESTWICK AIRPORT,Glasgow Prestwick Airport,3.8,669
BGR,BANGOR INTERNATIONAL AIRPORT,Bangor International Airport,4.4,1115
EVV,EVANSVILLE REGIONAL AIRPORT,Evansville Regional Airport,4.3,746
AVP,WILKES-BARRE INTERNATIONAL AIRPORT,Wilkes-Barre Scranton International Airport,4.4,942
YDF,DEER LAKE REGIONAL AIRPORT,Deer Lake Regional Airport,4.4,252
KSU,KVERNBERGET AIRPORT,"Kristiansund Airport, Kvernberget",3.8,309
FAY,REGIONAL (GRANNIS FIELD) AIRPORT,Fayetteville Regional Airport (FAY),3.6,1105
GNV,GAINESVILLE REGIONAL AIRPORT,Gainesville Regional Airport,4.3,1152
OME,NOME AIRPORT,Nome Airport,4.3,103
YWK,WABUSH AIRPORT,Wabush-Labrador Airport,4.0,97
AAR,AARHUS AIRPORT,Aarhus Airport,4.3,984
EGE,EAGLE COUNTY REGIONAL AIRPORT,Eagle County Regional Airport,4.3,407
PHF,NEWPORT NEWS/WILLIAMSBURG AIRPORT,Newport News/Williamsburg International Airport,4.4,554
MLN,MELILLA AIRPORT,Melilla Airport,3.7,693
YTS,VICTOR M. POWER AIRPORT,Timmins Victor M. Power Airport (YTS),4.0,159
OTZ,RALPH WIEN MEMORIAL AIRPORT,Ralph Wien Memorial Airport (OTZ),4.4,42
NWI,NORWICH INTERNATIONAL AIRPORT,Norwich Airport,3.3,803
YQG,WINDSOR AIRPORT,Windsor International Airport,4.1,414
YSB,SUDBURY AIRPORT,Greater Sudbury Airport,3.9,202
SBP,SAN LUIS COUNTY REGIONAL AIRPORT,SLO County Airport,4.4,802
RKV,REYKJAVIK DOMESTIC AIRPORT,Reykjavík Domestic Airport (RKV),4.0,695
YCD,NANAIMO AIRPORT,Nanaimo Airport,4.3,461
BRW,W.POST - W.ROGERS MEMORIAL AIRPORT,Wiley Post-Will Rogers Memorial Airport,4.2,113
CLY,SAINTE CATHERINE AIRPORT,Calvi Sainte-Catherine Airport,4.0,609
ELM,ELMIRA REGIONAL AIRPORT,Elmira Corning Regional Airport,4.1,411
BRO,SOUTH PADRE ISLAND INTERNATIONAL AIRPORT,Brownsville South Padre Island International Airport,4.2,781
LUG,AGNO AIRPORT,Lugano Airport,4.3,178
CIY,VINCENZO MAGLIOCCO AIRPORT,Comiso Airport,3.9,1294
OAJ,ALBERT J ELLIS AIRPORT,Albert J Ellis Airport,4.2,813
YAM,SAULT STE. MARIE AIRPORT,Sault Ste. Marie Airport,4.2,195
YVP,KUUJJUAQ AIRPORT,Kuujjuaq Airport (YVP),4.5,55
MKK,MOLOKAI AIRPORT,Molokai Airport,4.4,113
LDY,EGLINTON AIRPORT,City of Derry Airport,4.4,321
KLU,KLAGENFURT AIRPORT,Klagenfurt Airport,4.0,499
ACK,NANTUCKET MEMORIAL AIRPORT,Nantucket Memorial Airport-ACK,4.2,178
ADQ,KODIAK AIRPORT,Kodiak Benny Benson State Airport (ADQ),3.9,125
EAS,SAN SEBASTIAN AIRPORT,San Sebastian Airport,3.9,1184
SWF,STEWART INTERNATIONAL AIRPORT,New York Stewart International Airport,4.3,908
ANR,ANTWERP INTERNATIONAL AIRPORT,Antwerp International Airport,4.3,761
PBG,PLATTSBURGH INTERNATIONAL AIRPORT,Plattsburgh International Airport,4.1,264
YTH,THOMPSON AIRPORT,Thompson Regional Airport,3.7,69
NQY,CORNWALL AIRPORT,Cornwall Airport Newquay,4.2,649
ENA,KENAI MUNICIPAL AIRPORT,Kenai Municipal Airport,4.7,189
LSI,SUMBURGH AIRPORT,Sumburgh Airport,3.9,249
KOI,KIRKWALL AIRPORT,Kirkwall Airport,4.3,173
ITH,TOMPKINS REGIONAL AIRPORT,Ithaca Tompkins International Airport,4.2,300
BZR,BEZIERS VIAS AIRPORT,Béziers Cap d'Agde Airport,3.8,704
IAG,NIAGARA FALLS INTERNATIONAL AIRPORT,Niagara Falls International Airport,4.2,352
EWN,COASTAL CAROLINA REGIONAL AIRPORT,Coastal Carolina Regional Airport,4.4,546
LDE,TARBES OSSUN LOURDES AIRPORT,Tarbes–Lourdes–Pyrénées Airport,3.9,1118
KRP,KARUP AIRPORT,Midtjyllands Airport,4.3,162
BGM,GREATER BINGHAMTON AIRPORT,Greater Binghamton Airport,4.1,186
HUY,HUMBERSIDE AIRPORT,Humberside Airport,4.0,340
YUM,YUMA INTERNATIONAL AIRPORT,Yuma International Airport,4.4,588
FNI,GARONS AIRPORT,Aéroport de Nîmes Grande Provence Méditerranée,3.3,639
MME,TEES VALLEY AIRPORT,Teesside International Airport,4.1,679
SYY,STORNOWAY AIRPORT,Stornoway Airport,4.3,123
YBL,CAMPBELL RIVER AIRPORT,Campbell River Airport (YBL),4.3,69
LRT,LANN BIHOUE AIRPORT,Aéroport de Lorient Bretagne Sud,3.3,113
GNB,GRENOBLE-SAINT GEOIRS AIRPORT,Grenoble Alpes Isère Airport,2.2,1241
MCM,MONTE CARLO HELIPORT,Monaco Heliport,4.7,107
UNK,UNALAKLEET AIRPORT,Unalakleet Airport,4.5,24
LCK,RICKENBACKER INTERNATIONAL AIRPORT,Rickenbacker International Airport,4.3,770
YYF,PENTICTON REGIONAL AIRPORT,Penticton Regional Airport (YYF),4.0,159
YHU,ST. HUBERT AIRPORT,Montreal Metropolitan Airport,3.7,205
ANI,ANIAK AIRPORT,Aniak Airport (ANI),4.0,11
LBC,LUEBECK-BLANKENSEE AIRPORT,Long Beach Airport,4.6,4086
ORH,WORCESTER REGIONAL AIRPORT,Worcester Regional Airport,4.6,337
KWT,KWETHLUK AIRPORT,Kuwait International Airport,4.0,18443
SMX,SANTA MARIA PUBLIC AIRPORT,Santa Maria Airport,4.0,195
XFW,FINKENWERDER AIRPORT,Airbus Airfield Hamburg-Finkenwerder,4.5,121
UIP,PLUGUFFAN AIRPORT,Quimper–Cornouaille Airport,4.0,121
YWH,INNER HARBOUR SPB,Victoria Harbour Airport,4.8,89
VQS,A. RIVERA RODRIGUEZ AIRPORT,Antonio Rivera Rodríguez Airport,4.5,80
YNA,NATASHQUAN AIRPORT,Natashquan Airport,4.0,2
GAL,EDWARD G. PITKA SR. AIRPORT,Edward G Pitka Sr Airport,4.7,7
NME,NIGHTMUTE AIRPORT,Nightmute Airport IGT,4.2,6
HHH,HILTON HEAD AIRPORT,Hilton Head Island Airport,3.9,453
VST,VASTERAS/HASSLO AIRPORT,Stockholm Västerås Airport (VST),3.7,315
LKE,LAKE UNION SEA PLANE BASE,Kenmore Air - Lake Union,4.6,345
MAM,SERVANDO CANALES INTL AIRPORT,Aeropuerto Internacional General Servando Canales de Matamoros (MAM),4.1,368
LKL,BANAK AIRPORT,Lakselv Airport,3.9,71
BZZ,RAF STATION,RAF Brize Norton,4.1,95
KKI,AKIACHAK AIRPORT,Kenneth Kaunda International Airport (LUN),4.2,2975
SMK,ST MICHAEL AIRPORT,St. Michael Airport SMK,3.2,6
JHM,KAPALUA AIRPORT,Kapalua Airport,4.2,70
HYA,BARNSTABLE MUNICIPAL AIRPORT,Cape Cod Gateway Airport,4.3,81
OOK,TOKSOOK BAY AIRPORT,Toksook Bay Airport OOK,4.4,8
EMK,EMMONAK AIRPORT,Emmonak Airport,4.2,10
ACI,ALDERNEY AIRPORT,ACI World,4.7,6
CMF,CHAMBERY AIRPORT,Aéroport Chambéry Savoie Mont Blanc,2.6,568
KSM,SAINT MARY'S AIRPORT,St Mary's-Pitkas Point Airport,4.2,5
KUK,KASIGLUK AIRPORT,Kasigluk Airport-Z09,,
ZGS,LA ROMAINE AIRPORT,La Romaine Airport,4.7,10
ATT,ATMAUTLUAK AIRPORT,Airports Taxi Transfers,4.8,34718
HVN,TWEED AIRPORT,Tweed New Haven Airport,3.6,1071
AKI,AKIAK AIRPORT,Akiak Airport-Aki,5.0,2
BEB,BENBECULA AIRPORT,Benbecula Airport,4.7,50
BLV,MIDAMERICA ST LOUIS AIRPORT,MidAmerica St. Louis Airport,4.1,664
ZKG,KEGASKA AIRPORT,Kegashka Airport,,
CIU,CHIPPEWA COUNTY INTERNATIONAL AIRPORT,Chippewa County International Airport,4.4,131
CEG,HAWARDEN AIRPORT,Hawarden Airport EGNR,4.4,56
SHD,SHENANDOAH VALLEY REGIONAL AIRPORT,Shenandoah Valley Airport,4.5,118
WIC,WICK AIRPORT,Wick John O'Groats Airport,4.6,30
MHG,MANNHEIM CITY AIRPORT,City Airport Mannheim,4.6,288
OWB,DAVIESS COUNTY AIRPORT,Owensboro-Daviess County Regional Airport,4.2,133
CLD,MCCLELLAN-PALOMAR AIRPORT,McClellan-Palomar Airport,4.6,175
PSM,PORTSMOUTH PEASE INTERNATIONAL,Portsmouth International Airport,4.5,308
GSE,SAEVE AIRPORT,Säve Airport,4.0,166
LUK,MUNICIPAL (LUNKEN FIELD) AIRPORT,Cincinnati Municipal Airport - Lunken Field,4.6,185
ILY,ISLAY AIRPORT,Islay Airport,4.3,70
EWB,NEW BEDFORD REGIONAL AIRPORT,New Bedford Regional Airport,4.6,61
PUB,PUEBLO MEMORIAL AIRPORT,"Airport Pub, Manchester Airport",4.2,6535
SNR,MONTOIR AIRPORT,Saint-Nazaire Montoir Airport,4.2,141
PVC,PROVINCETOWN MUNICIPAL AIRPORT,Provincetown Municipal Airport,4.7,38
OGD,HINCKLEY AIRPORT,Ogden-Hinckley Airport,4.1,183
DND,DUNDEE AIRPORT,Dundee Airport,4.6,127
MUE,WAIMEA-KOHALA AIRPORT,Waimea-Kohala Airport (MUE),5.0,19
VIS,VISALIA MUNICIPAL AIRPORT,Visalia Municipal Airport,4.4,34
NRR,J. APONTE DE LA TORRE AIRPORT,José Aponte De la Torre Airport,4.2,161
BHB,HANCOCK COUNTY AIRPORT,Hancock County-Bar Harbor Airport,4.5,41
BFI,BOEING FIELD-KING COUNTY INTERNATIONAL AIRPORT,King County International Airport - Boeing Field,4.5,366
SKE,SKIEN AIRPORT,Skellefteå Airport,4.2,693
HNM,HANA AIRPORT,Hana Airport (HNM),4.5,22
ILG,NEW CASTLE AIRPORT,Wilmington Airport,4.3,398
MMU,MORRISTOWN MUNICIPAL AIRPORT,Morristown Airport,4.6,84
LUP,KALAUPAPA AIRPORT,Kalaupapa Airport (LUP),4.8,17
LNS,LANCASTER AIRPORT,Lancaster Airport,4.5,193
GLO,GLOUCESTERSHIRE AIRPORT,Gloucestershire Airport,4.7,199
IPL,IMPERIAL COUNTY AIRPORT,Imperial County Airport,4.0,83
BLK,BLACKPOOL AIRPORT,Blackpool Airport,4.1,195
CAL,CAMPBELTOWN AIRPORT,Campbeltown Airport,4.6,33
AVN,AVIGNON-CAUM AIRPORT,Avignon – Provence Airport,4.1,82
SIG,F.L. RIBAS DOMINICCI AIRPORT,Fernando Luis Ribas Dominicci Airport,4.5,206
MQJ,MOMA AIRPORT,Indianapolis Regional Airport,4.4,47
POX,PONTOISE-CORMEILLES AIRPORT,Pontoise – Cormeilles Aerodrome,4.6,64
INT,SMITH REYNOLDS AIRPORT,Belfast International Airport,3.4,5264
MBX,EDVARD RUSJAN AIRPORT,Maribor International Airport,4.5,126
CBG,CAMBRIDGE AIRPORT,Cambridge City Airport,4.3,97
DSI,DESTIN EXECUTIVE AIRPORT,Destin Executive Airport (DTS),4.5,91
PDK,DEKALB-PEACHTREE AIRPORT,DeKalb-Peachtree Airport,4.6,224
BLD,BOULDER CITY AIRPORT,Boulder City Municipal Airport,4.6,96
BKL,BURKE LAKEFRONT AIRPORT,Cleveland Burke Lakefront Airport,4.6,29
YND,GATINEAU AIRPORT,Gatineau-Ottawa Executive Airport,4.7,93
MKC,C.B. WHEELER DOWNTOWN AIRPORT,Charles B. Wheeler Downtown Airport,4.6,111
FRG,REPUBLIC AIRPORT,Republic Airport,4.5,194
APF,NAPLES MUNICIPAL AIRPORT,Naples Airport,4.5,185
RIV,MARCH JARB,March Air Reserve Base,4.6,7
NEW,LAKEFRONT AIRPORT,Heathrow Airport,4.0,62980
OLV,OLIVE BRANCH AIRPORT,Olive Branch Airport,4.8,26
OSF,OSTAFYEVO AIRPORT,Ostafyevo Airport,4.3,187
PTK,OAKLAND COUNTY INTERNATIONAL AIRPORT,Oakland County International Airport,4.7,126
ARA,ACADIANA REGIONAL AIRPORT,Acadiana Regional Airport (KARA),4.6,15
NTB,NOTODDEN AIRPORT,Entebbe International Airport,4.0,6821
RKE,ROSKILDE AIRPORT,Roskilde Airport,4.5,162
VBS,BRESCIA/MONTICHIARI AIRPORT,Brescia Montichiari lennujaam,3.9,178
CPS,DOWNTOWN AIRPORT,St. Louis Downtown Airport,4.5,70
POB,POPE FIELD AIRPORT,Pope Army Airfield,4.1,49
SKF,LACKLAND AFB - KELLY FIELD,Atlantic Aviation SKF,4.1,8
BWE,BRAUNSCHWEIG AIRPORT,Braunschweig Wolfsburg Airport GmbH,4.3,327
HHR,HAWTHORNE MUNICIPAL AIRPORT,Hawthorne Municipal Airport,4.6,75
HWD,HAYWARD EXECUTIVE AIRPORT,Hayward Executive Airport,4.5,79
TRM,J. COCHRAN REGIONAL AIRPORT,Jacqueline Cochran Regional Airport,4.5,38
MVL,MORRISVILLE/STOWE STATE AIRPORT,Morrisville-Stowe State Airport,4.9,7
MYF,MONTGOMERY FIELD,Montgomery-Gibbs Executive Airport,4.4,141
EFD,ELLINGTON AIRPORT,Ellington Airport,4.9,80
PLH,PLYMOUTH CITY AIRPORT,Plymouth City Airport PLH,,
PZE,PENZANCE HELIPORT,Penzance Heliport,4.2,57
ISC,ST. MARY'S AIRPORT,Saint Mary's / Isles of Scilly Airport (ISC),4.6,116
TSO,TRESCO HELIPORT,London City Airport,4.2,5737
BRR,BARRA AIRPORT,Barra Airport,4.7,192
MSE,KENT INTERNATIONAL AIRPORT,Manston International Airport,3.5,490
CVT,COVENTRY AIRPORT,Coventry Airport Limited,4.3,108
TRE,TIREE AIRPORT,Tiree Airport,4.4,27
NRL,NORTH RONALDSAY AIRPORT,North Ronaldsay Airport EGEN,4.0,24
PPW,PAPA WESTRAY AIRPORT,Papa Westray Airport EGEP,4.5,48
WRY,WESTRAY AIRPORT,Westray Airport,4.7,41
NDY,SANDAY AIRPORT,Indianapolis International Airport,4.5,10884
SOY,STRONSAY AIRPORT,Stronsay Airport EGER,5.0,4
LEQ,SAINT JUST AIRPORT,Land's End Airport,4.6,105
DSA,ROBIN HOOD AIRPORT,Doncaster Sheffield Airport ATC,3.3,3
SWS,FAIRWOOD COMM AIRPORT,Swansea Airport,4.3,54
BQH,BIGGIN HILL AIRPORT,London Biggin Hill Airport,4.4,281
BBP,Bembridge,Bembridge Airport,4.6,60
LWK,LERWICK/TINGWALL AIRPORT,Tingwall Airport,5.0,11
FIE,FAIR ISLE AIRPORT,Fair Isle Airfield,4.3,24
MHZ,MILDENHALL RAF STATION,RAF Mildenhall Visitors' Centre,4.3,86
OBN,NORTH CONNEL AIRPORT,Oban Airport (OBN),4.6,47
OXF,LONDON OXFORD AIRPORT,Oxford Airport,4.5,120
EOI,EDAY AIRPORT,Eday London Airport,4.0,10
COL,COLL ISLAND AIRPORT,Coll Airport EGEL,5.0,3
UNT,BALTASOUND AIRPORT,UNT International Affairs,3.0,13
CSA,COLONSAY AIRPORT,Heathrow Airport,4.0,62980
VLY,VALLEY AIRPORT,Caernarfon Airport EGCK,4.7,194
ESH,SHOREHAM AIRPORT,Brighton City Airport,4.4,221
BBS,BLACKBUSHE AIRPORT,Blackbushe Airport,4.6,293
QUG,Chichester/Goodwood,Goodwood Aerodrome,4.8,223
FSS,Kinloss,Flight Services & Systems,2.3,24
QFO,Duxford,Heathrow Airport,4.0,62980
FAB,FARNBOROUGH AIRPORT,Farnborough Airport,4.6,465
FOA,FOULA AIRPORT,Foula Airport,4.2,43
OUK,Out Skerries,Heathrow Airport,4.0,62980
PSV,PAPA STOUR AIRPORT,Eindhoven Airport,3.8,15906
ANX,ANDENES AIRPORT,Andøya Airport,4.2,77
FDE,BRINGELAND AIRPORT,FØRDE AIRPORT,4.0,81
N01,Voss�airport: B�moen,No1 Lounge,4.1,352
BNN,BRONNOY AIRPORT,ENBN,3.8,74
BJF,BATSFJORD AIRPORT,Båtsfjord Airport,4.5,27
BVG,BERLEVAG AIRPORT,Berlevag Airport,4.6,27
N02,Geilo�airport: Dagali,Heathrow Airport,4.0,62980
BDU,BARDUFOSS AIRPORT,Bardufoss Airport,4.2,171
EVE,EVENES AIRPORT,"Harstad/Narvik Airport, Evenes",3.9,899
VDB,VALDRES AIRPORT,"Fagernes Airport, Leirin",4.1,15
FRO,FLORA AIRPORT,Florø Airport,3.9,138
HAU,HAUGESUND AIRPORT,"Haugesund Airport, Karmøy",4.1,555
HAA,HASVIK AIRPORT,Hasvik lufthavn (HAA),4.6,32
HVG,VALAN AIRPORT,Honningsvåg Airport,4.5,74
N03,Kjeller�airport,Cortland County Airport,4.5,10
LKN,LEKNES AIRPORT,Leknes Lufthavn,4.2,130
FAN,FARSUND,"Farsund Airport, Lista",4.5,13
MEH,MEHAMN AIRPORT,Mehamn Airport,4.3,39
OSY,NAMSOS AIRPORT,Namsos Airport,4.4,47
OLA,ORLAND AIRPORT,Ørland Airport,4.1,92
N04,Oppdal�airport: Fagerhaug,Heathrow Airport,4.0,62980
HOV,HOVDEN AIRPORT,"Ørsta-Volda Airport, Hovden",4.2,115
MQN,MO I RANA AIRPORT,Mo i Rana Airport,3.9,98
RRS,ROROS AIRPORT,Røros Airport,4.5,28
RET,STOLPORT AIRPORT,Røst Airport,4.3,29
LYR,SVALBARD AIRPORT,Svalbard Airport,4.5,541
SDN,SANDANE AIRPORT,Sandane Airport,4.6,49
SOG,HAUKASEN AIRPORT,"Sogndal Airport, Haukåsen",3.9,71
SVJ,HELLE AIRPORT,"Svolvær lufthavn, Helle",4.2,140
SKN,SKAGEN AIRPORT,"Stokmarknes Airport, Skagen",4.1,79
SRP,STORD AIRPORT,Stord Airport,4.1,62
SOJ,SORKJOSEN AIRPORT,Sorkjosen Airport,4.1,36
VAW,SVARTNES AIRPORT,Flypassen Vardø,4.2,32
SSJ,STOKKA AIRPORT,Sandnessjøen Airport,4.3,64
MJF,KJAERSTAD AIRPORT,"Mosjøen Airport, Kjærstad",4.3,76
NVK,FRAMNES AIRPORT,Avinor AS avd Narvik lufthavn,5.0,3
BER,BRANDENBURG AIRPORT,Berlin Brandenburg Airport,3.2,43866
LGG,LIEGE AIRPORT,Liège Airport,3.9,1538
AFW,FORT WORTH ALLIANCE AIRPORT,Perot Field Fort Worth Alliance Airport,4.6,75
RFD,CHICAGO/ROCKFORD INTERNATIONAL AIRPORT,Chicago Rockford International Airport (RFD),4.2,680
MHR,MATHER AIRPORT,Sacramento Mather Airport,4.6,163
MST,MAASTRICHT/AACHEN AIRPORT,Maastricht Aachen Airport,3.9,904
YMX,MIRABEL INTERNATIONAL AIRPORT,Montréal-Mirabel International Airport,4.1,248
ZAZ,ZARAGOZA AIRPORT,Zaragoza Airport,4.1,1827
VIT,VITORIA AIRPORT,Vitoria Airport,4.1,1038
YHM,HAMILTON AIRPORT,John C. Munro Hamilton International Airport,4.1,1566
OST,OOSTENDE/BRUGGE AIRPORT,Ostend–Bruges International Airport (OST),4.4,1137
LRD,LAREDO INTERNATIONAL AIRPORT,Laredo International Airport,4.3,570
TOL,EXPRESS AIRPORT,Eugene F. Kranz Toledo Express Airport,4.4,462
SCC,DEADHORSE AIRPORT,Deadhorse Airport,4.3,83
GTF,GREAT FALLS INTERNATIONAL AIRPORT,Great Falls International Airport,4.5,541
LAN,CAPITAL REGION INTERNATIONAL AIRPORT,Capital Region International Airport,4.3,702
BFM,MOBILE DOWNTOWN AIRPORT,Mobile International Airport,4.2,32
ABY,SOUTHWEST GEORGIA REGIONAL AIRPORT,Southwest Georgia Regional Airport (KABY),4.2,196
CPR,NATRONA COUNTY INTERNATIONAL AIRPORT,Casper/Natrona County International Airport (CPR),4.1,319
RNS,ST JACQUES AIRPORT,Aéroport Rennes Bretagne,3.7,1386
ILN,WILMINGTON AIRPARK,Wilmington Air Park,4.5,108
LNZ,BLUE DANUBE AIRPORT,Linz Airport (LOWL/LNZ),4.3,870
PAE,SNOHOMISH COUNTY AIRPORT,Paine Field,4.6,1151
BOJ,BURGAS AIRPORT,Burgas Airport,3.8,6632
HTS,TRI-STATE AIRPORT,Huntington Tri-State Airport,3.9,367
RST,ROCHESTER INTERNATIONAL AIRPORT,Rochester International Airport,4.2,542
ERF,ERFURT-WEIMAR AIRPORT,Erfurt Weimar Airport,4.1,686
TKU,TURKU AIRPORT,Turku Airport,3.9,792
ORB,OREBRO-BOFORS AIRPORT,Örebro Läns Flygplats AB,4.1,176
SIT,ROCKY GUTIERREZ AIRPORT,SIT Bus Shuttle Pickup Point,3.4,258
AKN,KING SALMON AIRPORT,King Salmon Airport AKN,3.7,48
DLG,DILLINGHAM AIRPORT,Dillingham Airport (DLG),3.9,42
AOI,FALCONARA AIRPORT,Ancona Airport Raffaello Sanzio,3.6,1704
RZE,JASIONKA AIRPORT,Rzeszów-Jasionka Airport,4.4,3790
BMI,CENTRAL ILLINOIS REGIONAL AIRPORT,Central Illinois Regional Airport at Bloomington-Normal,4.4,599
KUN,KAUNAS INTERNATIONAL AIRPORT,Kaunas International Airport,4.1,3884
YIP,WILLOW RUN AIRPORT,Willow Run Airport,4.5,160
TAR,GROTTAGLIE AIRPORT,Taranto-Grottaglie Airport,4.3,150
YAK,YAKUTAT AIRPORT,Yakutat Airport YAK,4.2,31
CDV,MERLE K (MUDHOLE) SMITH AIRPORT,Merle K. (Mudhole) Smith Airport,4.8,30
XCR,VATRY AIRPORT,Paris-Vatry Airport,3.4,553
TSR,TRAIAN VUIA AIRPORT,Timișoara International Airport,3.8,4225
BRQ,TURANY AIRPORT,Brno–Tuřany Airport,4.2,1618
JKG,AXAMO AIRPORT,Jönköping Airport,4.4,95
BYF,ALBERT BRAY AIRPORT,Albert – Picardie Airport,4.6,57
SDL,SUNDSVALL-TIMRA AIRPORT,Scottsdale Airport,4.5,134
WRG,WRANGELL AIRPORT,Wrangell Airport (WRG),4.7,43
SCK,STOCKTON METROPOLITAN AIRPORT,Stockton Metropolitan Airport,4.2,334
SUU,TRAVIS AIR FORCE BASE,Travis Air Force Base,4.2,75
DOV,DOVER AFB,Dover Air Force Base,4.3,114
SBD,SAN BERNARDINO INTERNATIONAL AIRPORT,SBD International Airport,4.6,266
LEI,ALMERIA AIRPORT,Almería Airport,4.3,2004
BJZ,BADAJOZ AIRPORT,Badajoz Airport,4.1,480
INI,KONSTANTIN VELIKI AIRPORT,Niš Constantine the Great Airport,3.5,2058
KVO,Morava,Morava Airport,4.4,244
GMZ,LA GOMERA AIRPORT,La Gomera Airport,4.5,411
ZAD,ZADAR AIRPORT,Zadar Airport,3.6,4168
PUY,PULA AIRPORT,Pula Airport,3.7,1607
LMP,LAMPEDUSA AIRPORT,Lampedusa Airport,3.9,928
PNL,PANTELLERIA AIRPORT,Aeroporto di Pantelleria,3.9,524
CRV,CROTONE AIRPORT,"Crotone-Sant'Anna Airport ""Pythagoras""",3.5,652
TRS,RONCHI DEI LEGIONARI AIRPORT,Trieste Airport,3.8,2623
TER,LAJES AIRPORT,Aerogare Civil das Lajes,4.1,1581
HOR,HORTA AIRPORT,Horta Airport,3.9,643
KSO,ARISTOTELIS AIRPORT,Kastoria Airport Aristotle,4.0,60
KZI,FILIPPOS AIRPORT,"Kozani State Airport ""Filippos""",3.8,62
PVK,AKTION AIRPORT,Preveza International Airport,4.1,1906
AXD,DIMOKRITOS AIRPORT,Alexandroupolis National Airport Demokritos,4.1,1060
EFL,KEFALLINIA AIRPORT,Kefalonia International Airport Anna Pollatou,3.9,1857
LXS,LIMNOS AIRPORT,"""Hephaestus"" Lemnos International Airport",4.2,459
MJT,ODYSSEAS ELYTIS AIRPORT,Mitilini Airport Odysseas Elytis,4.3,1001
JKH,OMIROS AIRPORT,"Chios National Airport ""Omiros""",3.4,760
SMI,ARISTARCHOS OF SAMOS AIRPORT,Κρατικός Αερολιμένας Σάμου «Αρίσταρχος ο Σάμιος»,4.4,1019
KGS,IPPOKRATIS AIRPORT,Kos International Airport,3.6,4677
JKL,KALYMNOS ISLAND AIRPORT,Kalymnos Island National Airport,3.8,91
LRS,LEROS AIRPORT,Leros Municipal Airport,4.1,102
RJK,RIJEKA AIRPORT,Rijeka International Airport,3.8,801
OSI,OSIJEK AIRPORT,Osijek Airport,3.9,287
RVK,RYUMSJOEN AIRPORT,Reykjavík Domestic Airport (RKV),4.0,695
GRX,FEDERICO GARCIA LORCA AIRPORT,Federico García Lorca Granada Airport,4.0,2379
RDZ,MARCILLAC AIRPORT,Rodez-Marcillac Airport,4.2,249
BVE,VALLEE DE LA DORDOGNE AIRPORT,Brive–Souillac Airport,4.0,288
PXO,PORTO SANTO AIRPORT,Porto Santo Airport,4.2,594
VDE,EL HIERRO AIRPORT,El Hierro Airport (VDE),4.5,703
BWK,BOL AIRPORT,Airport Brac,4.6,130
CFN,DONEGAL AIRPORT,Donegal Airport (Aerfort Dhún na nGall),4.8,206
SMA,VILA DO PORTO AIRPORT,Santa Maria Airport,4.2,225
GRW,GRACIOSA ISLAND AIRPORT,Aeródromo da Graciosa,3.8,91
SJZ,SAO JORGE ISLAND AIRPORT,Aeroporto da Ilha de São Jorge,4.1,206
PIX,PICO AIRPORT,Pico Airport,4.0,703
FLW,FLORES AIRPORT,Waynesville - St. Robert Regional Airport,4.1,72
CVU,CORVO ISLAND (AZORES) AIRPORT,Aeródromo do Corvo,4.4,102
JTY,ASTYPALAIA ISLAND AIRPORT,Astypalaia Island National Airport,4.4,100
ZTH,DIONSIOS SALOMOS AIRPORT,Zakynthos International Airport Dionysios Solomos,3.9,4458
JIK,IKARIA ISLAND AIRPORT,Ikaria National Airport,3.9,219
AOK,KARPATHOS AIRPORT,Karpathos Airport,3.3,819
KIT,ALEXANDROS A. ONASSIS AIRPORT,Alexandros Onasis Kythira Airport,4.4,96
MLO,MILOS AIRPORT,Κρατικός Αερολιμένας Μήλου,3.1,368
JNX,NAXOS AIRPORT,Naxos Airport Apollon,3.2,526
PAS,PAROS AIRPORT,Paros Airport,3.2,708
JSI,ALEX. PAPADIAMANTIS AIRPORT,Skiathos International Airport Alexandros Papadiamantis,3.9,1206
JSY,DIMITRIOS VIKELAS AIRPORT,"""Dimitrios Vikelas"" Syros National Airport",4.4,88
JSH,SITEIA AIRPORT,"Sitia Public Airport ""Vitsentzos Kornaros"" (JSH)",4.1,236
SKU,SKYROS AIRPORT,Skyros Island National Airport,4.3,99